NC_013161.1,503817..525707,cas1,514110..513817,lcl|514110|513817|2|-1,-1,UniRef50_A0A179D3U4,1.24e-07,UniRef50_A0A179D3U4 cas1 CRISPR-associated endoribonuclease Cas2 n=2 Tax=Thermosulfurimonas dismutans TaxID=999894 RepID=A0A179D3U4_9BACT,MNTLFYLIIYDLPATKAGNKRRKRLYEMLCGYGNWTQFSVFECFLTAVQFANLQSKLENLIQPNEDSVRIYILDAGSVRKTLTYGSEKPRQVDTLIL,42.4,98,51,43.137,22,29,31,0,0,60.78,53,data/GCF_000024045.1_ASM2404v1_genomic.fna.gz
NC_013161.1,503817..525707,cas1,515084..514107,lcl|515084|514107|3|-1,-1,UniRef50_A0A1Z3HN48,4.00e-177,UniRef50_A0A1Z3HN48 cas1 CRISPR-associated endonuclease Cas1 n=83 Tax=Cyanobacteria TaxID=1117 RepID=A0A1Z3HN48_9CYAN,MSILYLTQPDAVLSKKQEAFHVALKQEDGSWKKQLIPAQTVEQIVLIGYPSITGEALCYALELGIPVHYLSCFGKYLGSALPGYSRNGQLRLAQYHVHDNEEQRLALVKTVVTGKIHNQYHVLYRYQQKDNPLKEHKQLVKSKTTLEQVRGVEGLAAKDYFNGFKLILDSQWNFNGRNRRPPTDPVNALLSFAYGLLRVQVTAAVHIAGLDPYIGYLHETTRGQPAMVLDLMEEFRPLIADSLVLSVISHKEIKPTDFNESLGAYLLSDSGRKTFLQAFERKLNTEFKHPVFGYQCSYRRSIELQARLFSRYLQENIPYKSLSLR,489,1260,325,69.538,226,99,276,0,0,84.92,100,data/GCF_000024045.1_ASM2404v1_genomic.fna.gz
NC_013161.1,503817..525707,cas1,515707..515117,lcl|515707|515117|1|-1,-1,UniRef50_A0A2I8A541,1.64e-100,UniRef50_A0A2I8A541 cas1 CRISPR-associated exonuclease Cas4 n=83 Tax=Cyanobacteria TaxID=1117 RepID=A0A2I8A541_9NOSO,MIDNYLPLAYLNAFEYCTRRFYWEYVLGEMANNEHIIIGRHLHRNINQEGIIKEEDTIIHRQQWVWSDRLQIKGIIDAVEEKESSLVPVEYKKGRMSQHLNDHFQLCAAALCLEEKTGKIITYGEIFYHANRRRQRVDFSDRLRCSTEQAIHHAHELVNQKMPSPINNSKKCRDCSLKTMCLPKEVKQLRNSLISD,285,729,195,66.154,129,66,162,0,0,83.08,99,data/GCF_000024045.1_ASM2404v1_genomic.fna.gz
NC_013161.1,503817..525707,cas2,514110..513817,lcl|514110|513817|2|-1,-1,UniRef50_A0A1Z3HN55,7.36e-46,UniRef50_A0A1Z3HN55 cas2 CRISPR-associated endoribonuclease Cas2 n=68 Tax=Cyanobacteria TaxID=1117 RepID=A0A1Z3HN55_9CYAN,MNTLFYLIIYDLPATKAGNKRRKRLYEMLCGYGNWTQFSVFECFLTAVQFANLQSKLENLIQPNEDSVRIYILDAGSVRKTLTYGSEKPRQVDTLIL,142,357,94,67.021,63,31,77,0,0,81.91,97,data/GCF_000024045.1_ASM2404v1_genomic.fna.gz
NC_013161.1,503817..525707,cas4,515084..514107,lcl|515084|514107|3|-1,-1,UniRef50_A0A1E5G3J0,1.01e-72,UniRef50_A0A1E5G3J0 cas4 CRISPR-associated endonuclease Cas1 n=4 Tax=Firmicutes TaxID=1239 RepID=A0A1E5G3J0_9BACL,MSILYLTQPDAVLSKKQEAFHVALKQEDGSWKKQLIPAQTVEQIVLIGYPSITGEALCYALELGIPVHYLSCFGKYLGSALPGYSRNGQLRLAQYHVHDNEEQRLALVKTVVTGKIHNQYHVLYRYQQKDNPLKEHKQLVKSKTTLEQVRGVEGLAAKDYFNGFKLILDSQWNFNGRNRRPPTDPVNALLSFAYGLLRVQVTAAVHIAGLDPYIGYLHETTRGQPAMVLDLMEEFRPLIADSLVLSVISHKEIKPTDFNESLGAYLLSDSGRKTFLQAFERKLNTEFKHPVFGYQCSYRRSIELQARLFSRYLQENIPYKSLSLR,233,595,333,39.940,133,179,191,6,21,57.36,98,data/GCF_000024045.1_ASM2404v1_genomic.fna.gz
NC_013161.1,503817..525707,cas4,515707..515117,lcl|515707|515117|1|-1,-1,UniRef50_A0A2I8A541,1.92e-99,UniRef50_A0A2I8A541 cas4 CRISPR-associated exonuclease Cas4 n=83 Tax=Cyanobacteria TaxID=1117 RepID=A0A2I8A541_9NOSO,MIDNYLPLAYLNAFEYCTRRFYWEYVLGEMANNEHIIIGRHLHRNINQEGIIKEEDTIIHRQQWVWSDRLQIKGIIDAVEEKESSLVPVEYKKGRMSQHLNDHFQLCAAALCLEEKTGKIITYGEIFYHANRRRQRVDFSDRLRCSTEQAIHHAHELVNQKMPSPINNSKKCRDCSLKTMCLPKEVKQLRNSLISD,285,729,195,66.154,129,66,162,0,0,83.08,99,data/GCF_000024045.1_ASM2404v1_genomic.fna.gz
NC_013161.1,503817..525707,cas6,516642..515833,lcl|516642|515833|2|-1,-1,UniRef50_A0A654SHL3,2.64e-108,UniRef50_A0A654SHL3 cas6 CRISPR_Cas6 domain-containing protein n=30 Tax=Cyanobacteria TaxID=1117 RepID=A0A654SHL3_9CYAN,MVQDILPQLHKYQLQSLVIELGVAKQGKLPATLSRAIHACVLNWLSLADSQLANQIHDSQISPLCLSGLIGNRRQPYSLLGDYFLLRIGVLQPSLIKPLLKGIEAQETQTLELGKFPFIIRQVYSMPQSHKLSQLTDYYSLALYSPTMTEIQLKFLSPTSFKQIQGVQPFPLPELVFNSLLRKWNHFAPQELKFPEIQWQSFVSAFELKTHALKMEGGAQIGSQGWAKYCFKDTEQARIASILSHFAFYAGVGRKTTMGMGQTQLLVNT,314,804,270,55.926,151,118,195,1,1,72.22,100,data/GCF_000024045.1_ASM2404v1_genomic.fna.gz
NC_013161.1,503817..525707,cas5,517387..516611,lcl|517387|516611|1|-1,-1,UniRef50_A0A2I8AFZ3,1.43e-118,UniRef50_A0A2I8AFZ3 cas5 Type I-D CRISPR-associated protein Cas5/Csc1 n=62 Tax=Cyanobacteria TaxID=1117 RepID=A0A2I8AFZ3_9NOSO,MNIYYCQLTLHDNIFFATREMGLLYETEKYLHNWALSYAFFKGTYIPHPYRLQGKSAQKPDYLDSTGEQSLAHLNRLKIYVFPAKPLRWSYQINTFKAAQTTYYGKSQQFGDKGANRNYPINYGRAKELAVGSEYHTFLISSQELNIPHWIRVGKWSAKVEVTSYLIPQKAISQHSGIYLCDHPLNPIDLPFDQELLLYNRIVMPPVSLVSQAQLQGNYCKINKNNWNDCPSNLTDLPQQICLPLGVNYGAGYIASAS,338,866,252,65.079,164,71,194,3,17,76.98,98,data/GCF_000024045.1_ASM2404v1_genomic.fna.gz
NC_013161.1,503817..525707,cas7,518600..517530,lcl|518600|517530|3|-1,-1,UniRef50_B7JVM8,0.0,UniRef50_B7JVM8 cas7 CRISPR-associated protein Csc2 n=52 Tax=Cyanobacteria TaxID=1117 RepID=B7JVM8_RIPO1,MSILETLKPQFQSAFPRLASANYVHFIMLRHSQSFPVFQTDGVLNTVRTQAGLMAKDSLSRLVMFKRKQTTPERLTGRELLRSLNITTADKNDKEKGCEYNGEGSCKKCPDCIIYGFAIGDSGSERSKVYSDSTFSLSAYEQSHRTFTFNAPFEGGTMSEQGVMRSAINELDHILPEITFPNIETLRDSTYEGFIYVLGNILRTKRYGAQESRTGTMKNHLVGIAFCDGEIFSNLRFTQALYDGLEGDVNKPIDEICYQASQIVQTLLSDEPVRKIKTIFGEELNHLINEVSGIYQNDALLTETLNMLYQQTKTYSENHGSLAKSKPPKAEGNKSKGRTKKKGDDEQTSLDLNIEE,733,1891,356,98.876,352,4,354,0,0,99.44,100,data/GCF_000024045.1_ASM2404v1_genomic.fna.gz
NC_013161.1,503817..525707,cas10,521597..518673,lcl|521597|518673|3|-1,-1,UniRef50_B7KB38,0.0,UniRef50_B7KB38 cas10 CRISPR-associated protein Csc3 n=52 Tax=Cyanobacteria TaxID=1117 RepID=B7KB38_GLOC7,MTLLQILLLETISQDTDPILISYLETVLPAMEPEFALIPALGGSQQIHYQNLIAIGNRYAQENAKRFSDKADQNLLVHVLNALLTAWNLVDHLTKPLSDIEKYLLCLGLTLHDYNKYCLGHGEESPKVSNINEIINICQELGKKLNFQAFWSDWEQYLPEIVYLAQNTQFKAGTNAIPANYPLFTLADSRRLDLPLRRLLAFGDIAVHLQDPADIISKTGGDRLREHLRFLGIKKALVYHRLRDTLGILSNGIHNATLRFAKDLNWQPLLFFAQGVIYLAPIDYTSPEKMELQGFIWQEISQLLASSMLKGEIGFKRDGKGLKVAPQTLELFTPVQLIRNLADVINVKVANAKVPATPKRLEKLELTDIERQLLEKGADLRADRIAELIILAQREFLADSPEFIDWTLQFWGLEKQITAEQTQEQSGGVNYGWYRVAANYIANHSTLSLEDVSGKLVDFCQQLADWATSNQLLSSHSSSTFEVFNSYLEQYLEIQGWQSSTPNFSQELSTYIMAKTQSSKQPICSLSSGEFISEDQMDSVVLFKPQQYSNKNPLGGGKIKRGISKIWALEMLLRQALWTVPSGKFEDQQPVFLYIFPAYVYSPQIAAAIRSLVNDMKRINLWDVRKHWLHEDMNLDSLRSLQWRKEEAEVGRFKDKYSRADIPFMGTVYTTTRGKTLTEAWIDPAFLTLALPILLGVKVIATSSSVPLYNSDNDFLDSVILDAPAGFWQLLKLSTSLRIQELSVALKRLLTIYTIHLDNRSNPPDARWQALNSTVREVITDVLNVFSIADEKLREDQREASPQEVQRYWKFAEIFAQGDTIMTEKLKLTKELVRQYRTFYQVKWSESSHTILLPLTKALEEILSTPEHWDDEELILQGAGILNDALDRQEVYKRPLLQDKSIPYEIRKQQELQAIHQFMTTCVKELFGQMCKGDRALLQEYRNRIKSGAESAYKLLAFEEKSNSSQQQKSSEDQ,1073,2775,978,56.544,553,399,710,12,26,72.60,99,data/GCF_000024045.1_ASM2404v1_genomic.fna.gz
NC_013161.1,503817..525707,cas3,523760..521655,lcl|523760|521655|3|-1,-1,UniRef50_A0A168SWH5,0.0,UniRef50_A0A168SWH5 cas3 Type I-D CRISPR-associated helicase Cas3 n=2 Tax=Phormidium TaxID=1198 RepID=A0A168SWH5_9CYAN,MKINLKPLYSKLNAGVGNCPLGCQEMCRVQQQAPQFKAPSGCNCPLYQHQAESYPYLTKGDTDIIFITAPTAGGKSLLASLPSLLDPNFRMMGLYPTIELVEDQTEQQNNYHNLFGLNSEERIDKLFGVELTQRIKEFNSNRFQQLWLAIETKEVILTNPDIFHLMTHFRYRDNAYGTDELPLALAKFPDLWVFDEFHIFGAHQETAVLNSMMLIRRTQQQKKRFLFTSATVKTDFVEQLKQTGLKIKEIAGEYKSEAQQGYRQILQAVELSIINLKEEDGFSWLINNAAKIRKILKAEDKGRGLIILNSVVMVRRISQELQSLLPEIVVREISGRIDRKERSQTQQLLQEEEKPVLVVATSAVDVGVDFRIHLLITESSDSATVIQRLGRLGRHSGFSNYQAFLLLSGRTPWVINRLQEKLESKQDVTREELIEAIQYAFDPPKEYQEYRNRWGAIQVQGMFSQMMGSNAKVMQSIKERISEDLKRIYGNTLDNKAWYAMGHNCLGKAIQSELLRFRGGSTLQAAVWDEQRFYTYDLLRLLPYATVDILDRETFLKAATKAGHIEEAFPSQYLQVYLRIEQWLDKRLNLNLFCNRESDELLVGKLFLITRLKLDGHPQSDVISCLSRCNLLTFLVPVDRSRTQSHWEVSYCLHLNPLFGLYRLKDASEQAYACAFNQDALLLEALNWKLTKFYRERSLIF,671,1731,720,49.028,353,341,479,10,26,66.53,100,data/GCF_000024045.1_ASM2404v1_genomic.fna.gz
NC_013161.1,503817..525707,CRISPR array,512560..513624,,,,,"Copies: 15, Repeat: 37, Spacer: 36",--GTTTCAATCCC-----------ATTACTAGGATTCATTAAAAAGAAAC,,,,,,,,,,,,data/GCF_000024045.1_ASM2404v1_genomic.fna.gz